{"cameraMode":{"drawMode":0,"name":"Shaded","section":"Shading Mode"},"sceneLighting":true,"audioPlay":false,"sceneViewState":{"showFog":true,"showMaterialUpdate":false,"showSkybox":true,"showFlares":true,"showImageEffects":true,"showParticleSystems":true},"in2DMode":false,"pivot":{"x":-4.125124931335449,"y":6.868820667266846,"z":-0.42367520928382876},"rotation":{"x":-0.5172489285469055,"y":-0.22198985517024995,"z":0.14096249639987946,"w":-0.8144627213478088},"size":10.0,"orthographic":false}